City,Lat,Lng,Max Temp,Humidity,Cloudiness,Wind Speed,Country,Date
mataura,-46.19,168.86,277.04,83,83,1.34,NZ,1594753031
rikitea,-23.12,-134.97,295.4,81,100,7.44,PF,1594752867
hithadhoo,-0.6,73.08,302.16,72,99,3.34,MV,1594753032
punta arenas,-53.15,-70.92,276.15,80,75,6.7,CL,1594753032
albany,42.6,-73.97,301.48,46,12,4.49,US,1594752330
baykit,61.67,96.37,286.2,87,60,2.65,RU,1594752867
mackenzie,55.3,-123.17,289.15,59,1,4.6,CA,1594752868
dikson,73.51,80.55,277.78,91,100,4.66,RU,1594752868
castro,-24.79,-50.01,292.3,63,0,2.71,BR,1594753033
grand-santi,4.25,-54.38,305.21,53,95,0.49,GF,1594752868
hermanus,-34.42,19.23,283.15,72,19,0.89,ZA,1594752868
erdenet,49.03,104.08,287.82,86,0,1.02,MN,1594752868
aranos,-24.13,19.12,278.72,62,0,4.83,NA,1594752640
kahului,20.89,-156.47,301.15,61,40,6.7,US,1594752869
tuktoyaktuk,69.45,-133.04,287.15,62,90,2.1,CA,1594752869
saint-philippe,-21.36,55.77,293.15,88,0,1.0,RE,1594753034
east london,-33.02,27.91,286.02,66,82,9.82,ZA,1594753034
hilo,19.73,-155.09,297.15,88,90,3.6,US,1594752781
georgetown,5.41,100.34,301.15,94,40,1.5,MY,1594753035
cape town,-33.93,18.42,281.48,81,73,3.1,ZA,1594752720
ahipara,-35.17,173.17,288.23,90,100,4.99,NZ,1594753035
jamestown,42.1,-79.24,297.59,64,1,3.6,US,1594753035
sabha,27.04,14.43,303.76,17,0,4.84,LY,1594753035
katsuura,35.13,140.3,295.37,94,75,4.6,JP,1594753035
port alfred,-33.59,26.89,285.03,72,76,7.42,ZA,1594753035
provideniya,64.38,-173.3,280.38,92,100,4.03,RU,1594753035
kayanza,-3.07,29.67,288.58,67,1,1.1,BI,1594753036
tasiilaq,65.61,-37.64,283.15,66,75,2.1,GL,1594753036
arraial do cabo,-22.97,-42.03,295.15,88,75,4.1,BR,1594753036
bluff,-46.6,168.33,277.04,83,55,1.34,NZ,1594753036
kapaa,22.08,-159.32,297.15,94,90,6.7,US,1594753036
ola,59.58,151.28,284.88,90,99,1.1,RU,1594752870
ushuaia,-54.8,-68.3,272.15,100,75,1.5,AR,1594752949
faanui,-16.48,-151.75,299.13,84,9,4.63,PF,1594753036
mumford,5.26,-0.76,297.01,84,0,6.62,GH,1594753036
port lincoln,-34.73,135.87,284.84,58,100,6.67,AU,1594753037
helena,46.59,-112.04,294.26,21,1,7.2,US,1594753037
kabanjahe,3.1,98.49,290.41,95,87,0.49,ID,1594752871
ugoofaaru,5.67,73.0,301.66,75,100,3.69,MV,1594753037
srandakan,-7.94,110.25,297.35,88,11,2.48,ID,1594753037
dunedin,-45.87,170.5,280.37,86,100,0.89,NZ,1594752781
krems,48.41,15.61,293.71,56,89,2.48,AT,1594753037
xining,36.62,101.77,287.04,78,1,0.89,CN,1594753037
los llanos de aridane,28.66,-17.92,296.15,78,20,7.7,ES,1594753038
wilmington,34.23,-77.94,306.15,52,1,2.1,US,1594753032
ostrovnoy,68.05,39.51,280.77,85,0,1.33,RU,1594753038
vao,-22.67,167.48,294.75,92,100,4.38,NC,1594753038
dingle,11.0,122.67,298.29,87,100,1.54,PH,1594753038
tateyama,34.98,139.87,295.93,91,100,4.28,JP,1594753038
gamba,-2.65,10.0,294.79,88,100,2.22,GA,1594753038
tuatapere,-46.13,167.68,277.04,83,32,1.34,NZ,1594753038
banki,20.38,85.53,300.15,94,40,1.5,IN,1594752842
leshukonskoye,64.9,45.76,287.01,98,100,0.67,RU,1594753039
mehamn,71.04,27.85,281.15,81,75,3.6,NO,1594753039
bilibino,68.05,166.44,284.05,64,95,1.79,RU,1594753039
portland,45.52,-122.68,296.48,52,20,1.5,US,1594753038
taksimo,56.34,114.88,291.06,71,50,0.16,RU,1594753039
esperance,-33.87,121.9,280.15,87,0,3.6,AU,1594753039
bethel,41.37,-73.41,302.04,51,75,4.1,US,1594753039
vardo,70.37,31.11,281.15,87,20,7.2,NO,1594753039
mindelo,16.89,-24.98,302.15,70,40,4.6,CV,1594753039
atuona,-9.8,-139.03,299.52,77,4,9.45,PF,1594753040
pevek,69.7,170.31,275.9,87,6,2.52,RU,1594753040
kaka,37.35,59.61,304.71,21,67,3.74,TM,1594753040
qaanaaq,77.48,-69.36,278.89,72,100,3.24,GL,1594753040
bambous virieux,-20.34,57.76,295.15,88,40,5.1,MU,1594752903
carnarvon,-24.87,113.63,290.15,77,75,4.6,AU,1594753040
imbituba,-28.24,-48.67,289.15,59,0,5.7,BR,1594753040
busselton,-33.65,115.33,283.71,84,90,5.19,AU,1594752897
port moresby,-9.44,147.18,297.15,94,40,5.1,PG,1594753041
makat,47.65,53.35,308.2,11,0,4.7,KZ,1594753041
ilulissat,69.22,-51.1,280.15,75,75,3.1,GL,1594753041
cidreira,-30.18,-50.21,284.27,50,0,6.2,BR,1594753041
shingu,33.73,135.98,293.64,87,100,2.32,JP,1594752875
vaini,-21.2,-175.2,294.15,77,40,3.6,TO,1594752750
leningradskiy,69.38,178.42,276.63,90,100,6.1,RU,1594753041
narsaq,60.92,-46.05,284.15,71,75,3.1,GL,1594753041
khatanga,71.97,102.5,287.03,81,10,2.62,RU,1594753042
yellowknife,62.46,-114.35,286.15,93,90,8.2,CA,1594753042
sao filipe,14.9,-24.5,298.94,85,67,3.55,CV,1594753042
dicabisagan,17.08,122.42,299.9,83,13,3.25,PH,1594753042
evensk,61.95,159.23,284.27,90,100,1.75,RU,1594753042
lompoc,34.64,-120.46,292.04,72,1,2.1,US,1594752858
new norfolk,-42.78,147.06,280.37,76,97,0.45,AU,1594753042
kamariotissa,40.48,25.47,296.15,38,0,5.1,GR,1594753042
saint-pierre,-21.34,55.48,293.15,88,1,1.0,RE,1594753042
mogadishu,2.04,45.34,298.62,84,99,7.08,SO,1594752877
barsovo,61.17,73.17,286.15,87,100,2.0,RU,1594753044
tiksi,71.69,128.87,277.94,78,4,1.6,RU,1594753044
kodiak,57.79,-152.41,291.15,52,1,5.7,US,1594753044
lebu,-37.62,-73.65,286.34,60,3,2.06,CL,1594753044
the valley,18.22,-63.06,305.15,58,40,7.2,AI,1594753044
thunder bay,48.4,-89.32,294.82,88,90,2.1,CA,1594753044
barrow,71.29,-156.79,275.15,93,90,4.1,US,1594753045
padang,-0.95,100.35,298.97,72,81,1.46,ID,1594752982
airai,-8.93,125.41,285.46,82,0,1.69,TL,1594752877
banes,20.96,-75.72,307.15,56,40,3.6,CU,1594753045
cherskiy,68.75,161.3,279.26,67,0,4.97,RU,1594753045
borogontsy,62.67,131.17,287.58,80,60,1.16,RU,1594752877
lanivtsi,49.86,26.09,286.31,90,9,2.86,UA,1594753045
flinders,-34.58,150.86,284.82,81,100,3.13,AU,1594753045
guerrero negro,27.98,-114.06,301.03,41,0,6.6,MX,1594753046
barcelos,41.54,-8.62,301.48,60,91,6.2,PT,1594752812
avarua,-21.21,-159.78,294.15,68,29,3.6,CK,1594753046
fort nelson,58.81,-122.7,295.15,37,40,4.6,CA,1594753046
wanning,18.8,110.4,300.12,87,1,3.93,CN,1594753046
malakal,9.53,31.66,298.03,82,98,2.8,SS,1594753046
puerto ayora,-0.74,-90.35,294.82,86,76,2.68,EC,1594753046
grindavik,63.84,-22.43,285.15,87,90,1.0,IS,1594753046
longyearbyen,78.22,15.64,282.15,66,75,2.1,SJ,1594753046
petatlan,17.52,-101.27,306.15,55,5,4.1,MX,1594753047
thompson,55.74,-97.86,288.15,93,90,6.2,CA,1594752794
upernavik,72.79,-56.15,278.62,84,27,5.6,GL,1594753047
plettenberg bay,-34.05,23.37,282.89,76,10,3.87,ZA,1594753047
maluso,6.54,121.88,299.35,80,89,1.3,PH,1594753047
bredasdorp,-34.53,20.04,280.15,87,2,2.6,ZA,1594753047
yar-sale,66.83,70.83,282.56,71,100,0.76,RU,1594753047
bonavista,48.65,-53.11,288.15,84,78,1.79,CA,1594752906
mar del plata,-38.0,-57.56,282.59,60,75,6.7,AR,1594753048
clyde river,70.47,-68.59,288.15,67,75,7.2,CA,1594753048
kijang,35.24,129.21,293.15,82,90,0.5,KR,1594753048
suntar,62.14,117.63,288.37,82,34,1.37,RU,1594753048
lorengau,-2.02,147.27,300.76,75,100,2.84,PG,1594753048
hambantota,6.12,81.12,300.15,100,5,2.6,LK,1594753048
joao camara,-5.54,-35.82,302.15,62,20,3.6,BR,1594752880
sampit,-2.53,112.95,296.51,98,100,0.28,ID,1594753049
umm lajj,25.02,37.27,302.29,53,0,2.44,SA,1594753049
kasulu,-4.58,30.1,292.6,55,0,0.77,TZ,1594752881
vorobyevka,50.65,40.92,291.4,89,1,4.32,RU,1594753049
coahuayana,18.73,-103.68,301.15,69,40,3.1,MX,1594753049
chino valley,34.76,-112.45,307.59,23,1,5.1,US,1594753049
lingao,19.91,109.69,300.76,80,0,1.15,CN,1594753049
kaitangata,-46.28,169.85,279.26,89,85,0.89,NZ,1594753050
russell,32.35,-85.2,307.15,52,20,2.6,US,1594753050
bhojudih,23.63,86.45,301.28,81,100,3.4,IN,1594753050
chokurdakh,70.63,147.92,275.63,82,98,6.91,RU,1594753050
catia la mar,10.6,-67.03,302.87,64,42,3.59,VE,1594752973
petropavlovsk-kamchatskiy,53.05,158.65,283.15,100,90,1.0,RU,1594753050
mazagao,-0.12,-51.29,306.15,59,40,2.6,BR,1594753050
great falls,47.5,-111.3,294.26,26,1,5.1,US,1594752883
aksu,41.12,80.26,296.28,43,55,0.99,CN,1594753051
awjilah,29.11,21.29,302.4,39,0,8.09,LY,1594753051
salaga,8.55,-0.52,297.93,80,100,2.18,GH,1594752883
beya,53.05,90.91,289.41,88,91,1.66,RU,1594753051
leninsk,48.71,45.2,297.15,57,100,3.0,RU,1594752884
aljezur,37.32,-8.8,300.93,67,0,6.49,PT,1594753051
camacha,33.08,-16.33,295.15,78,20,10.3,PT,1594753051
fairbanks,64.84,-147.72,289.82,82,90,1.48,US,1594752907
norman wells,65.28,-126.83,292.15,68,75,3.1,CA,1594753051
geraldton,-28.77,114.6,284.15,93,40,3.1,AU,1594753052
souillac,-20.52,57.52,295.15,88,40,5.1,MU,1594753052
broken hill,-31.95,141.43,275.15,93,0,1.61,AU,1594753052
port elizabeth,-33.92,25.57,282.15,87,48,5.1,ZA,1594753052
lichtenburg,-26.15,26.16,275.95,75,0,5.17,ZA,1594753052
butaritari,3.07,172.79,300.75,74,100,4.26,KI,1594753052
qui nhon,13.77,109.23,299.43,86,93,1.5,VN,1594753053
changping,40.22,116.22,301.48,88,0,1.0,CN,1594752885
sao sebastiao,-23.76,-45.41,292.61,89,100,2.9,BR,1594753053
changli,39.7,119.15,296.28,65,90,1.42,CN,1594753053
margate,51.38,1.39,292.59,77,100,0.89,GB,1594753053
nemuro,43.32,145.57,285.46,91,100,4.62,JP,1594753053
hobart,-42.88,147.33,280.37,93,90,2.6,AU,1594753053
sesheke,-17.48,24.3,285.15,20,0,0.5,ZM,1594753054
salalah,17.02,54.09,300.15,94,90,3.6,OM,1594753054
golyshmanovo,56.4,68.37,291.34,76,0,2.4,RU,1594753054
micheweni,-4.97,39.83,297.93,78,2,5.81,TZ,1594753054
oyonnax,46.26,5.66,297.59,31,40,2.6,FR,1594753054
mayo,38.89,-76.51,304.26,58,20,5.7,US,1594753054
uglekamensk,43.22,133.23,287.15,91,31,0.5,RU,1594753054
benxi,41.29,123.77,294.15,100,39,1.0,CN,1594753055
ponta delgada,37.73,-25.67,298.15,65,20,5.1,PT,1594753055
aklavik,68.22,-135.01,288.15,77,75,2.6,CA,1594753055
lagunas,-5.23,-75.68,303.84,62,60,1.24,PE,1594753055
pisco,-13.7,-76.22,290.37,82,40,4.1,PE,1594753055
mgandu,-5.95,34.13,290.94,52,0,2.46,TZ,1594753055
zhigansk,66.77,123.37,287.99,64,100,2.73,RU,1594753055
yeppoon,-23.13,150.73,285.15,58,0,3.1,AU,1594752888
puerto del rosario,28.5,-13.86,300.15,61,4,10.8,ES,1594753056
ponta do sol,32.67,-17.1,297.04,71,0,2.47,PT,1594753056
marsa matruh,31.35,27.25,299.15,78,0,3.1,EG,1594753056
puerto carreno,6.19,-67.49,304.15,66,40,1.5,CO,1594753056
lagoa,39.05,-27.98,294.16,79,0,5.99,PT,1594753056
tessalit,20.2,1.01,307.84,25,98,10.05,ML,1594753056
shimoda,34.67,138.95,292.04,95,100,5.48,JP,1594753056
saskylakh,71.92,114.08,288.72,85,22,4.7,RU,1594753056
hita,33.32,130.93,294.26,97,100,1.19,JP,1594753057
sri madhopur,27.47,75.6,305.77,47,28,2.99,IN,1594753057
gwadar,25.12,62.33,301.63,81,25,2.01,PK,1594753057
meulaboh,4.14,96.13,298.98,85,87,1.7,ID,1594753057
sao joao da barra,-21.64,-41.05,298.15,73,75,7.2,BR,1594753057
indramayu,-6.33,108.32,299.39,81,100,3.37,ID,1594753057
zhenhai,24.26,118.09,301.15,94,20,2.0,CN,1594753058
wahiawa,21.5,-158.02,298.15,94,90,3.78,US,1594753058
urubicha,-15.38,-62.95,303.69,45,50,1.91,BO,1594753058
akhmim,26.56,31.75,308.15,14,0,5.1,EG,1594752891
farafangana,-22.82,47.83,294.44,81,65,1.96,MG,1594753058
manyana,-23.4,21.72,277.64,66,0,3.26,BW,1594753058
smidovich,48.6,133.82,290.29,93,0,1.13,RU,1594753059
jieshou,33.26,115.36,293.14,96,74,0.3,CN,1594753059
meshchovsk,54.32,35.28,286.76,96,100,11.41,RU,1594753059
burns lake,54.23,-125.75,288.35,56,100,2.05,CA,1594752892
staroaleyskoye,51.01,82.0,289.73,93,87,3.11,RU,1594752892
florianopolis,-27.61,-48.5,290.37,59,30,5.7,BR,1594753058
naze,28.37,129.48,301.15,94,40,5.1,JP,1594753059
kangaatsiaq,68.31,-53.46,277.88,89,37,5.15,GL,1594752892
pout,14.77,-17.06,301.15,74,40,6.2,SN,1594753059
yulara,-25.24,130.99,277.15,55,0,2.6,AU,1594753060
nikolskoye,59.7,30.79,289.26,67,100,4.0,RU,1594753060
safford,32.83,-109.71,309.15,25,1,3.6,US,1594753060
waitara,-38.92,174.25,283.15,98,100,0.45,NZ,1594753060
winton,37.39,-120.61,302.15,35,1,1.4,US,1594753060
butembo,0.15,29.28,287.67,98,81,0.75,CD,1594752893
meadow lake,34.8,-106.54,304.26,23,40,2.6,US,1594753060
luau,-10.71,22.22,292.05,27,11,2.72,AO,1594753061
torbay,47.67,-52.73,287.15,87,90,4.6,CA,1594753061
walvis bay,-22.96,14.51,289.15,59,0,3.6,NA,1594752894
liverpool,53.41,-2.98,288.15,77,40,5.7,GB,1594752979
luderitz,-26.65,15.16,290.15,42,0,10.8,NA,1594753061
taoudenni,22.68,-3.98,314.62,7,0,3.48,ML,1594753061
port blair,11.67,92.75,300.69,81,100,4.42,IN,1594753061
antofagasta,-23.65,-70.4,288.15,72,0,4.1,CL,1594752852
tarata,-17.62,-66.02,294.15,28,75,2.6,BO,1594753061
dangtu,31.57,118.49,295.93,100,75,2.0,CN,1594752895
foki,56.69,54.35,295.46,90,44,2.79,RU,1594753062
gambo,4.65,22.26,294.61,97,100,0.32,CF,1594753062
chuy,-33.7,-53.46,282.98,55,0,5.17,UY,1594753062
hangu,39.25,117.79,298.15,69,0,1.0,CN,1594752895
morbegno,46.14,9.57,293.15,65,100,0.51,IT,1594753062
hofn,64.25,-15.21,283.97,89,100,4.18,IS,1594753062
la palma,33.85,-118.05,300.93,54,1,3.6,US,1594753062
boyabat,41.47,34.77,291.81,74,100,1.44,TR,1594752896
bulawayo,-20.15,28.58,286.03,31,0,4.41,ZW,1594753063
okakarara,-20.58,17.43,284.89,34,0,4.42,NA,1594753063
barmer,25.75,71.38,305.93,53,1,7.67,IN,1594753063
sur,22.57,59.53,302.78,65,0,5.38,OM,1594753063
ercis,39.03,43.36,292.15,59,40,2.6,TR,1594753063
kargasok,59.06,80.86,283.17,78,5,1.78,RU,1594753063
castelo do piaui,-5.32,-41.55,307.13,29,51,2.82,BR,1594753063
las juntas,19.42,-104.7,306.15,70,20,5.1,MX,1594753063
taltal,-25.4,-70.48,291.34,51,3,1.15,CL,1594753064
olafsvik,64.89,-23.71,284.51,84,100,3.51,IS,1594753064
bandarbeyla,9.49,50.81,298.92,79,71,13.81,SO,1594753064
bukan,36.52,46.21,295.71,45,0,2.25,IR,1594752945
geoagiu,45.92,23.2,290.33,67,91,0.74,RO,1594752898
ak-dovurak,51.18,90.6,287.97,80,100,1.92,RU,1594752898
ambanja,-13.68,48.45,294.5,83,13,1.23,MG,1594752898
khasan,42.43,130.64,289.32,88,0,0.65,RU,1594753064
sitka,57.05,-135.33,286.15,93,90,2.6,US,1594753065
itarema,-2.92,-39.92,300.66,63,0,6.8,BR,1594753065
alice springs,-23.7,133.88,273.15,81,0,2.6,AU,1594752818
bhunya,-26.55,31.02,282.14,46,0,3.55,SZ,1594753065
fare,-16.7,-151.02,300.26,79,0,6.14,PF,1594753065
kindu,-2.95,25.95,296.47,73,100,1.0,CD,1594753065
antsohihy,-14.88,47.99,292.0,90,64,0.58,MG,1594753065
kushikino,31.72,130.27,294.82,83,94,1.79,JP,1594753065
ures,29.43,-110.4,308.56,39,36,3.11,MX,1594753066
noumea,-22.28,166.46,294.82,93,95,0.5,NC,1594752950
kruisfontein,-34.0,24.73,280.34,88,24,3.71,ZA,1594752900
santa rosa,14.31,121.11,300.93,82,98,0.96,PH,1594753066
del rio,29.36,-100.9,311.15,31,1,5.1,US,1594752829
mount isa,-20.73,139.5,277.15,55,0,0.5,AU,1594753066
north bend,43.41,-124.22,298.71,72,1,8.2,US,1594753066
kuryk,43.2,51.65,301.6,50,86,5.62,KZ,1594753066
kailua,21.4,-157.74,298.15,83,90,2.6,US,1594752904
tura,25.52,90.22,296.93,96,98,3.5,IN,1594752750
jalu,29.03,21.55,303.03,35,0,8.8,LY,1594753067
tunkas,20.9,-88.75,308.08,37,0,3.18,MX,1594753067
caravelas,-17.71,-39.25,299.83,62,12,3.6,BR,1594753067
bengkulu,-3.8,102.27,297.76,80,97,2.49,ID,1594753067
zverinogolovskoye,54.46,64.85,294.82,72,0,1.85,RU,1594753067
acapulco,16.86,-99.89,306.15,63,75,3.1,MX,1594752902
chitrakonda,18.12,82.08,296.69,90,100,0.49,IN,1594753067
eirunepe,-6.66,-69.87,305.35,48,92,1.21,BR,1594753068
samarai,-10.62,150.67,298.56,87,99,5.62,PG,1594753068
hammerfest,70.66,23.68,283.15,71,0,5.1,NO,1594753068
havoysund,71.0,24.66,283.15,81,75,2.6,NO,1594753068
yunhe,34.08,119.72,292.9,97,1,2.32,CN,1594753068
mana,5.66,-53.78,301.73,71,12,2.52,GF,1594752903
maragogi,-9.01,-35.22,298.82,74,2,2.96,BR,1594752789
bozeman,45.68,-111.04,292.15,29,1,3.6,US,1594753068
belaya gora,68.53,146.42,284.2,62,100,3.62,RU,1594753069
mannarakkat,10.98,76.47,299.15,83,75,1.5,IN,1594753069
constitucion,-35.33,-72.42,289.9,58,0,3.55,CL,1594753069
touros,-5.2,-35.46,302.15,62,20,3.6,BR,1594753069
middelkerke,51.16,2.84,290.15,82,20,1.5,BE,1594753069
ribeira grande,38.52,-28.7,297.15,69,20,6.7,PT,1594752904
korla,41.76,86.15,301.48,49,96,3.26,CN,1594753069
viseu,40.66,-7.91,300.37,51,94,1.34,PT,1594753070
yalta,44.5,34.17,291.51,64,0,4.0,UA,1594753070
mikhaylovka,50.06,43.24,296.48,73,0,1.79,RU,1594753070
guadix,37.3,-3.14,295.93,83,100,1.63,ES,1594753070
isangel,-19.55,169.27,292.15,100,20,1.01,VU,1594753070
mildura,-34.2,142.15,275.15,100,40,1.5,AU,1594752905
si satchanalai,17.52,99.76,300.37,56,14,1.11,TH,1594753070
chifeng,42.27,118.96,293.38,69,16,1.08,CN,1594753070
hemnesberget,66.23,13.63,291.15,55,40,1.5,NO,1594752906
heinola,61.21,26.04,291.15,63,91,2.1,FI,1594753071
pangai,-19.8,-174.35,296.15,69,75,7.7,TO,1594753071
grand gaube,-20.01,57.66,294.82,82,2,2.24,MU,1594753071
anantapur,14.68,77.6,297.9,80,100,10.03,IN,1594753071
giyani,-23.3,30.72,289.84,26,0,3.8,ZA,1594753071
gualan,15.13,-89.37,306.01,48,34,2.25,GT,1594753071
santiago,-33.46,-70.65,294.15,19,0,0.66,CL,1594752644
storsteinnes,69.24,19.23,293.15,37,40,3.1,NO,1594753071
severo-kurilsk,50.68,156.12,283.88,91,98,4.29,RU,1594753071
mungwi,-10.17,31.37,287.04,51,0,1.84,ZM,1594753072
adrar,20.5,-10.07,313.98,13,17,3.83,MR,1594753072
verkhoyansk,67.54,133.38,286.53,76,76,1.66,RU,1594753072
mao,39.89,4.27,297.15,60,91,4.6,ES,1594753072
nouadhibou,20.93,-17.03,296.15,73,0,10.8,MR,1594753072
henties bay,-22.12,14.28,288.15,79,0,0.89,NA,1594753072
sao mateus,-18.72,-39.86,300.85,53,41,2.95,BR,1594752908
bonthe,7.53,-12.51,296.99,92,100,8.87,SL,1594753072
lavrentiya,65.58,-171.0,279.48,94,100,3.79,RU,1594752908
dale,38.17,-86.99,302.15,48,1,2.1,US,1594752908
coihaique,-45.58,-72.07,275.15,74,75,2.1,CL,1594752924
danville,36.59,-79.39,305.93,45,1,1.5,US,1594752858
rayong,12.83,101.43,301.48,91,41,0.91,TH,1594752909
eresos,39.17,25.93,297.15,60,0,5.7,GR,1594753073
bay roberts,47.6,-53.26,293.15,14,72,5.94,CA,1594753073
keti bandar,24.14,67.45,302.49,77,100,7.16,PK,1594753073
deputatskiy,69.3,139.9,284.98,87,99,1.4,RU,1594753073
mokhotlong,-29.29,29.07,268.5,90,45,2.34,LS,1594753074
iquitos,-3.75,-73.25,303.15,66,75,1.5,PE,1594753074
zhezkazgan,47.8,67.71,299.25,39,0,6.05,KZ,1594753074
talcahuano,-36.72,-73.12,288.15,62,0,5.1,CL,1594753074
fortuna,40.6,-124.16,293.15,72,20,4.1,US,1594753074
markova,48.68,24.41,291.15,72,0,2.0,UA,1594753074
upata,8.01,-62.4,301.44,73,69,1.93,VE,1594753074
anyama,5.49,-4.05,299.15,88,20,3.6,CI,1594753074
richards bay,-28.78,32.04,290.08,57,100,6.36,ZA,1594753074
tottori,35.5,134.23,293.78,91,100,4.7,JP,1594753075
kholm-zhirkovskiy,55.52,33.47,286.37,95,100,6.86,RU,1594753075
safaga,26.73,33.94,305.15,29,0,2.58,EG,1594752910
college,64.86,-147.8,289.26,87,75,1.42,US,1594753075
anadyr,64.75,177.48,283.15,93,75,1.0,RU,1594753075
oriximina,-1.77,-55.87,305.3,49,0,2.61,BR,1594752911
port hardy,50.7,-127.42,286.15,93,75,3.1,CA,1594753075
batabano,22.72,-82.29,305.15,59,40,5.1,CU,1594753075
adilcevaz,38.8,42.73,292.15,59,40,2.6,TR,1594752907
orangeburg,33.49,-80.86,308.71,55,20,2.6,US,1594752872
talnakh,69.49,88.4,283.15,93,90,5.0,RU,1594752750
tela,15.78,-87.45,304.15,74,75,1.0,HN,1594753076
reni,45.46,28.29,294.15,35,0,2.1,UA,1594753076
mahebourg,-20.41,57.7,295.15,88,40,5.1,MU,1594752904
butte,39.65,-121.57,302.59,42,1,3.1,US,1594753076
matara,5.95,80.54,300.28,86,100,4.2,LK,1594753076
srednekolymsk,67.45,153.68,277.79,77,82,7.72,RU,1594753076
ximei,24.96,118.38,301.15,94,20,2.0,CN,1594753076
vostok,46.49,135.88,284.76,100,15,1.46,RU,1594753076
hargeysa,9.56,44.06,296.88,52,67,9.92,SO,1594753077
ballina,-28.87,153.57,284.15,71,1,5.7,AU,1594752913
port macquarie,-31.43,152.92,287.15,67,64,8.2,AU,1594753077
rio branco,-9.97,-67.81,304.15,62,75,1.0,BR,1594752998
tshikapa,-6.42,20.8,299.63,35,8,1.38,CD,1594753077
san quintin,30.48,-115.95,297.25,62,0,7.31,MX,1594753077
ikongo,-21.88,47.43,291.08,89,60,0.59,MG,1594753077
westport,41.14,-73.36,303.15,42,20,4.6,US,1594752934
nishihara,26.18,127.76,301.15,83,40,7.2,JP,1594753077
vanimo,-2.67,141.3,298.97,80,100,2.73,PG,1594753078
clarksburg,39.28,-80.34,302.04,48,0,2.06,US,1594753002
tete,-16.16,33.59,293.15,40,0,2.6,MZ,1594753078
baoding,38.85,115.49,296.76,80,23,1.64,CN,1594753078
rio grande,-32.03,-52.1,286.15,30,0,5.1,BR,1594753034
kenai,60.55,-151.26,289.82,77,1,3.6,US,1594753078
yanam,16.73,82.22,299.35,90,100,1.65,IN,1594753078
peniche,39.36,-9.38,294.82,76,4,6.71,PT,1594753078
svetlogorsk,52.63,29.73,286.91,82,99,3.27,BY,1594753079
bosaso,11.28,49.18,307.28,42,28,4.3,SO,1594753079
vrangel,42.73,133.08,288.3,88,0,2.34,RU,1594753079
husavik,66.04,-17.34,283.15,93,90,5.1,IS,1594753079
caraz,-9.05,-77.81,295.83,30,40,1.27,PE,1594753079
ratnagiri,16.98,73.3,298.65,87,100,1.0,IN,1594752915
alofi,-19.06,-169.92,294.15,64,9,5.7,NU,1594753079
oleksandrivka,48.96,32.23,286.48,90,98,4.69,UA,1594753079
aguimes,27.91,-15.45,299.15,61,20,13.4,ES,1594753080
villanueva de la serena,38.98,-5.8,308.71,23,86,2.68,ES,1594753080
brenham,30.17,-96.4,309.82,44,1,4.6,US,1594753080
clinton,42.59,-82.92,302.59,65,40,3.6,US,1594753080
valparaiso,-33.04,-71.63,300.15,14,0,4.6,CL,1594752916
kalmunai,7.42,81.82,300.75,77,32,6.85,LK,1594753080
pitimbu,-7.47,-34.81,302.15,58,100,5.1,BR,1594752916
corning,42.14,-77.05,299.15,54,75,3.6,US,1594753080
gorontalo,0.54,123.06,296.42,89,98,0.93,ID,1594753080
beringovskiy,63.05,179.32,282.64,93,96,0.93,RU,1594752917
marathon,44.9,-89.77,292.59,100,90,5.7,US,1594753081
urupes,-21.2,-49.29,303.15,28,40,2.1,BR,1594753081
aginskoye,51.1,114.53,290.84,84,0,1.68,RU,1594752917
kabompo,-13.59,24.2,288.7,33,0,1.6,ZM,1594753081
acari,-15.43,-74.62,297.96,38,0,3.59,PE,1594752917
kamaishi,39.27,141.88,290.47,89,100,4.88,JP,1594753081
inhambane,-23.86,35.38,293.15,88,0,2.1,MZ,1594753081
san luis,-33.3,-66.34,289.29,32,0,5.23,AR,1594753082
kousseri,12.08,15.03,298.15,78,20,1.5,CM,1594753044
belmonte,-15.86,-38.88,299.15,74,20,3.6,BR,1594753082
marshall,34.38,-86.33,306.48,38,40,1.77,US,1594753082
brae,60.4,-1.35,284.15,100,90,6.2,GB,1594753082
nome,64.5,-165.41,284.82,81,90,2.1,US,1594752918
aksarka,66.56,67.8,285.31,70,100,2.3,RU,1594753082
wajir,1.75,40.06,303.15,45,40,1.5,KE,1594753082
ancud,-41.87,-73.82,279.82,100,90,3.6,CL,1594752919
itacare,-14.28,-39.0,298.33,76,11,2.94,BR,1594753083
provins,48.58,3.17,294.15,60,100,2.6,FR,1594753083
maldonado,-34.67,-54.92,283.15,53,20,6.7,UY,1594753083
saldanha,-33.01,17.94,283.15,71,51,3.11,ZA,1594753083
atar,20.52,-13.05,313.14,8,0,5.71,MR,1594753083
severomuysk,56.15,113.43,286.38,82,35,0.53,RU,1594753083
palana,59.12,159.97,283.15,89,100,3.0,RU,1594753083
campina verde,-19.54,-49.49,301.87,35,4,1.64,BR,1594753083
la ronge,55.1,-105.28,291.15,63,75,8.2,CA,1594753084
volchikha,52.03,80.38,291.72,83,0,2.31,RU,1594753084
beloha,-25.17,45.05,290.58,90,0,3.3,MG,1594753084
puerto madero,14.72,-92.42,305.15,59,20,3.1,MX,1594753084
bonito,-21.12,-56.48,297.41,73,51,2.93,BR,1594753084
atikokan,48.76,-91.62,293.49,46,100,4.4,CA,1594752921
rosetta,31.4,30.42,299.15,74,20,4.1,EG,1594752845
mahibadhoo,3.78,72.97,302.36,69,8,2.14,MV,1594752921
champerico,14.3,-91.92,305.15,66,40,3.1,GT,1594753085
chicago,41.85,-87.65,303.71,39,75,2.1,US,1594752797
glace bay,46.2,-59.96,290.37,82,90,7.7,CA,1594752964
victoria,22.29,114.16,303.71,70,80,7.6,HK,1594752985
yangcun,39.36,117.06,298.15,69,0,1.0,CN,1594753085
karratha,-20.74,116.85,291.33,60,50,2.44,AU,1594753085
sisimiut,66.94,-53.67,282.73,69,12,3.79,GL,1594753085
trelew,-43.25,-65.31,279.76,57,100,1.29,AR,1594753044
hokitika,-42.72,170.97,278.83,66,100,2.94,NZ,1594753085
zarubino,42.63,131.09,288.75,89,0,1.71,RU,1594753085
lambarene,-0.7,10.24,296.15,85,100,2.75,GA,1594753086
gravdal,68.12,13.5,291.15,55,0,2.6,NO,1594753086
rio gallegos,-51.62,-69.22,276.15,88,66,3.6,AR,1594753086
boa vista,2.82,-60.67,304.15,58,40,5.1,BR,1594753086
pilar,-9.6,-35.96,301.15,65,40,3.6,BR,1594753086
mattru,7.62,-11.83,295.52,97,100,3.24,SL,1594753086
forio,40.73,13.86,297.59,73,0,2.24,IT,1594753086
komsomolskiy,40.43,71.72,300.15,39,97,2.1,UZ,1594753087
morondava,-20.28,44.28,294.88,81,0,6.22,MG,1594753087
riyadh,24.69,46.72,310.15,18,0,1.5,SA,1594753087
harper,4.38,-7.72,297.26,76,34,4.38,LR,1594753087
dobryanka,58.46,56.42,297.15,69,0,1.0,RU,1594753087
caraquet,47.79,-64.94,292.04,72,90,4.1,CA,1594753087
alta floresta,-9.88,-56.09,309.15,23,20,4.6,BR,1594753087
manado,1.49,124.85,297.15,94,40,0.5,ID,1594752881
vila velha,-20.33,-40.29,299.15,74,20,7.7,BR,1594752889
acajutla,13.59,-89.83,304.15,58,20,2.77,SV,1594752929
darhan,49.49,105.92,291.85,73,100,2.6,MN,1594753088
homer,59.64,-151.55,288.15,77,1,0.86,US,1594752925
mokrousovo,55.81,66.77,293.37,71,0,3.55,RU,1594753088
aguilas,37.41,-1.58,298.71,73,20,2.6,ES,1594752943
cabo san lucas,22.89,-109.91,307.15,66,20,9.3,MX,1594753005
teya,60.38,92.63,284.75,81,100,5.17,RU,1594753088
bilma,18.69,12.92,308.67,13,79,2.03,NE,1594752926
isiro,2.77,27.62,293.63,98,100,0.38,CD,1594752926
codrington,-38.27,141.97,277.99,95,43,2.81,AU,1594753089
saint george,37.1,-113.58,311.48,14,1,4.1,US,1594752796
nara,34.69,135.8,295.37,77,100,4.16,JP,1594753089
hami,42.8,93.45,300.16,16,42,5.58,CN,1594752926
cururupu,-1.83,-44.87,301.55,71,84,2.65,BR,1594752926
olinda,-8.01,-34.86,301.15,65,20,5.1,BR,1594753089
kavieng,-2.57,150.8,300.92,71,100,2.8,PG,1594753089
khani,41.96,42.96,295.15,88,40,1.0,GE,1594753089
kedainiai,55.29,23.97,291.15,63,17,0.5,LT,1594753090
nalut,30.33,10.85,304.66,17,0,5.26,LY,1594753090
spalding,33.27,-84.28,307.59,48,40,1.81,US,1594752927
arlit,18.74,7.39,306.73,32,100,8.42,NE,1594753090
sept-iles,50.2,-66.38,292.15,52,20,5.1,CA,1594753042
temizhbekskaya,45.45,40.84,293.14,79,24,3.27,RU,1594753090
kaeo,-35.1,173.78,287.59,3,100,3.13,NZ,1594753090
havelock,34.88,-76.9,307.15,46,1,2.1,US,1594752826
comodoro rivadavia,-45.87,-67.5,281.15,65,100,1.0,AR,1594753090
atasu,48.68,71.64,294.45,56,0,4.02,KZ,1594753091
nanortalik,60.14,-45.24,279.05,91,100,1.4,GL,1594752749
lebedinyy,58.52,125.52,287.34,90,93,0.62,RU,1594753091
auki,-8.77,160.7,299.09,81,100,1.62,SB,1594753091
gueret,46.17,1.87,297.04,46,42,1.5,FR,1594753091
limbang,4.75,115.0,298.15,94,75,1.5,MY,1594753091
san francisco,37.77,-122.42,293.15,63,20,2.6,US,1594752944
tyumentsevo,53.32,81.5,291.06,91,0,1.93,RU,1594753092
nueva loja,0.08,-76.88,299.27,88,90,0.7,EC,1594753092
batticaloa,7.71,81.69,300.93,77,82,2.44,LK,1594753092
lazaro cardenas,17.96,-102.2,303.63,60,0,3.82,MX,1594752956
popondetta,-8.75,148.25,295.67,85,84,1.26,PG,1594753092
laguna,38.42,-121.42,300.93,50,1,2.6,US,1594752930
oliveira dos brejinhos,-12.32,-42.9,303.29,30,100,3.05,BR,1594752943
rafraf,37.19,10.18,299.15,57,20,3.1,TN,1594752889
oistins,13.07,-59.53,305.15,62,20,6.2,BB,1594753093
kurilsk,45.23,147.88,282.22,90,5,1.55,RU,1594753093
sarkand,45.41,79.92,289.23,49,0,1.1,KZ,1594753093
bograd,54.23,90.83,291.15,82,3,3.06,RU,1594752931
palm valley,30.18,-81.39,309.82,48,81,2.68,US,1594753093
port-cartier,50.03,-66.87,292.15,52,20,5.1,CA,1594753093
venice,27.1,-82.45,305.93,70,1,4.1,US,1594753093
kushiro,42.98,144.37,285.05,94,76,2.9,JP,1594752931
choix,26.71,-108.32,306.62,51,86,2.85,MX,1594752931
kulhudhuffushi,6.62,73.07,301.67,76,100,4.93,MV,1594753093
amahai,-3.33,128.92,298.08,89,100,2.49,ID,1594752932
nago,26.59,127.98,301.15,88,20,4.1,JP,1594752932
pendleton,45.67,-118.79,299.26,19,1,2.1,US,1594753094
bokajan,26.02,93.78,297.88,92,100,0.78,IN,1594753094
port-gentil,-0.72,8.78,297.15,88,75,5.48,GA,1594752932
winnemucca,40.97,-117.74,302.15,12,1,1.5,US,1594753062
faya,18.39,42.45,300.15,38,61,2.6,SA,1594752932
gao,16.64,1.64,309.11,30,33,4.04,ML,1594753095
lethem,3.38,-59.8,305.14,53,55,1.43,GY,1594752933
huron,41.15,-82.55,301.48,57,28,0.89,US,1594753095
cleburne,32.35,-97.39,310.93,37,1,5.1,US,1594752933
nombre de dios,23.85,-104.23,300.93,36,5,2.14,MX,1594753095
sao jose da coroa grande,-8.9,-35.15,299.09,71,3,3.2,BR,1594753095
hay river,60.82,-115.8,284.15,100,90,9.3,CA,1594752877
kabare,-2.47,28.82,289.27,68,77,0.44,CD,1594752933
banda aceh,5.56,95.32,299.86,79,100,0.98,ID,1594753095
kamina,-8.74,24.99,292.74,34,67,1.24,CD,1594753095
mangrol,21.12,70.12,301.69,83,100,5.97,IN,1594752934
port hawkesbury,45.62,-61.35,293.71,88,90,2.6,CA,1594753096
erzin,36.96,36.2,300.93,81,0,0.71,TR,1594753096
urumqi,43.8,87.6,298.15,36,75,3.0,CN,1594753096
mount gambier,-37.83,140.77,276.15,100,90,1.95,AU,1594753096
san luis de la paz,21.3,-100.52,299.26,24,0,2.59,MX,1594753096
kuching,1.55,110.33,297.15,100,40,1.0,MY,1594753096
dossor,47.53,52.98,309.28,13,0,4.14,KZ,1594753096
birin,26.89,88.07,291.02,100,93,1.61,NP,1594753096
dnipryany,46.75,33.27,289.7,65,0,2.63,UA,1594753097
bataszek,46.19,18.72,288.98,68,4,2.06,HU,1594753097
goderich,43.75,-81.72,298.15,82,97,0.89,CA,1594752824
bubaque,11.28,-15.83,300.93,83,93,7.58,GW,1594753097
asau,46.43,26.4,287.59,74,11,0.86,RO,1594752936
aykhal,66.0,111.5,291.15,55,100,2.0,RU,1594753097
cayenne,4.93,-52.33,305.15,62,5,5.1,GF,1594753090
hamilton,39.18,-84.53,304.82,43,75,2.23,US,1594753097
sawakin,19.11,37.33,304.21,53,0,3.67,SD,1594753098
belturbet,54.1,-7.45,287.04,86,100,1.34,IE,1594753098
sao miguel do araguaia,-13.28,-50.16,306.6,18,0,1.89,BR,1594753098
palauig,15.44,119.9,300.41,76,0,1.45,PH,1594753098
ust-tsilma,65.44,52.15,284.36,96,100,1.88,RU,1594752937
mbandaka,0.05,18.26,295.43,90,100,0.72,CD,1594753098
asfi,32.3,-9.24,297.29,73,0,8.3,MA,1594753098
serowe,-22.38,26.72,283.52,42,0,3.56,BW,1594753098
ust-koksa,50.27,85.61,284.34,83,100,1.07,RU,1594753099
huilong,31.81,121.66,295.93,97,100,3.42,CN,1594752938
yuanping,38.72,112.76,293.11,80,25,0.44,CN,1594753099
pangnirtung,66.15,-65.71,286.15,66,75,6.7,CA,1594753099
bikaner,28.02,73.3,309.22,39,0,5.41,IN,1594752938
enshi,30.3,109.48,297.43,86,95,0.35,CN,1594753099
eisenach,50.98,10.32,294.26,46,100,2.1,DE,1594752939
turukhansk,65.82,87.98,282.85,80,100,5.28,RU,1594753100
the pas,53.83,-101.25,290.15,77,90,9.3,CA,1594753100
lakes entrance,-37.88,147.98,281.48,97,84,2.58,AU,1594752939
toora-khem,52.47,96.11,288.02,93,100,1.58,RU,1594753100
maumere,-8.62,122.21,297.64,76,0,2.59,ID,1594753100
redlands,34.06,-117.18,303.15,37,40,1.5,US,1594753100
urengoy,65.97,78.37,281.16,81,28,3.77,RU,1594752940
vanavara,60.34,102.28,288.92,87,62,1.68,RU,1594753100
trat,12.5,102.5,298.06,92,100,0.18,TH,1594752940
eunice,30.49,-92.42,307.04,63,75,4.1,US,1594753101
dongsheng,39.82,109.98,295.4,48,98,3.71,CN,1594753101
valea ciorii,44.72,27.57,293.15,45,20,2.6,RO,1594752940
